id,username,email,password,address
1,LoganRusso,loganrusso@gmail.com,@l2DZcOKa(,"314 Jennifer Spring Apt. 648, Johnville, WV 26794"
2,StaceyGrant,staceygrant@gmail.com,#F3Jlo%j8O,"2580 John Forest Suite 574, New Davidburgh, NJ 84738"
3,MarcusSavage,marcussavage@gmail.com,pp#w7Lzs%%,"7240 Mullen Common, Pereztown, PW 88085"
4,MichaelAllen,michaelallen@gmail.com,!c#_4O5l8M,"60210 Powell Shoals, Jenniferview, LA 47965"
5,KathyKing,kathyking@gmail.com,!+*0tA5lOq,"10663 Hanson Cape Apt. 445, Harveymouth, SD 51671"
6,NicoleMoreno,nicolemoreno@gmail.com,HcL6Kf)BC&,"371 Laura Underpass Suite 824, Hamiltonton, DC 50476"
7,KevinLang,kevinlang@gmail.com,(N(LCKzx&0,"637 Fields Point Suite 922, New Jessicafurt, IA 64676"
8,JaredSullivan,jaredsullivan@gmail.com,W^J7T&VSKq,"PSC 5677, Box 7419, APO AA 51318"
9,AnneBright,annebright@gmail.com,@47Cc&Ir8#,"07854 Thompson Mall Apt. 004, Adamport, HI 35543"
10,JenniferBaker,jenniferbaker@gmail.com,^%_N4R#u8n,"90522 Martinez Underpass, Lake Deannahaven, PA 76843"
11,MeganBarrett,meganbarrett@gmail.com,_CkGSYzi70,"4948 Diane Manor, Bakerside, FM 95671"
12,JamesHill,jameshill@gmail.com,Kk83XF^t_K,"79684 Delgado Forks, Millerview, NM 41344"
13,BarbaraWilliams,barbarawilliams@gmail.com,#+2tM1qHCv,"07337 Wells Drives, South Katelyn, AL 06541"
14,CarlySexton,carlysexton@gmail.com,5sA0)X$a%#,"787 Hughes Prairie Apt. 280, Fosterstad, ND 23931"
15,AndrewAlvarez,andrewalvarez@gmail.com,h8b1XVEy(Y,"6673 Byrd Ridge Apt. 587, Hollybury, OH 37933"
16,SeanJohnson,seanjohnson@gmail.com,$rYxaj2_4g,"87540 Janet Parkways, Sandraport, NH 75824"
17,BryanGamble,bryangamble@gmail.com,!eT%m0Vj(r,"PSC 8914, Box 0504, APO AP 66933"
18,BenjaminAdams,benjaminadams@gmail.com,g+W6oQEiF(,"265 Weaver Prairie Suite 332, Johnsonville, AS 36912"
19,JenniferLee,jenniferlee@gmail.com,&1v0Mz4IU),"1358 Molly Station Apt. 920, Lake Nicole, NE 26049"
20,MeghanHudson,meghanhudson@gmail.com,O_2UmVosg$,"41718 Williamson Rapid, Scottfurt, MP 16814"
21,KennethMartinez,kennethmartinez@gmail.com,r#2wT(ge6_,"USS Vincent, FPO AE 50216"
22,TonyaWillis,tonyawillis@gmail.com,mZ%9_Wpq&j,"9446 Charles View Suite 148, Port Jasonmouth, DE 17641"
23,TammyGarcia,tammygarcia@gmail.com,m*O0Kdo)HN,"04524 Copeland Cape, Gregborough, NY 93121"
24,ElizabethPhillips,elizabethphillips@gmail.com,$tCV^SB*a4,"92249 Alyssa Mall Suite 639, Ericmouth, MI 65451"
25,MartinAnthony,martinanthony@gmail.com,JQP)!2Pp&@,"717 Patrick Lane Suite 630, Lake Scottland, UT 21480"
26,HeatherVasquez,heathervasquez@gmail.com,*Y35*lFzjt,"Unit 9688 Box 4468, DPO AE 95186"
27,JessicaPotts,jessicapotts@gmail.com,+4o3xCUg+5,"799 Madison Route, North Linda, SC 57013"
28,RodneyGoodman,rodneygoodman@gmail.com,&@2mlUW21s,"5164 Luis Shoal, West Lisafurt, CO 34221"
29,JulieGomez,juliegomez@gmail.com,MW%M0vClHc,"445 Maria Manors Suite 059, West Michaelbury, DC 18162"
30,DesireeWilliamson,desireewilliamson@gmail.com,BDJ9ZO#p&^,"022 Laura Court, Hopkinsberg, NV 75494"
31,RebeccaHughes,rebeccahughes@gmail.com,$&OBjFPd^0,"PSC 6750, Box 4072, APO AE 92927"
32,DerrickJoyce,derrickjoyce@gmail.com,iS3BYKbA!V,"USS Vasquez, FPO AE 40435"
33,SandraAvery,sandraavery@gmail.com,9%4GpF42#^,"96809 Jorge Crossing Apt. 962, New Jenniferton, CA 38765"
34,RogerBrewer,rogerbrewer@gmail.com,$2E!wMmhPf,"679 Andrea Isle, East Matthewburgh, ND 17127"
35,MarkSparks,marksparks@gmail.com,g(v6ZFqO(N,"7578 Hull Views, Donnachester, ME 63026"
36,AshleyCombs,ashleycombs@gmail.com,w6nJ8RiI2),"93279 Morrison Drive, West Nicole, WY 85264"
37,LeslieMatthews,lesliematthews@gmail.com,)wt0QV#wLh,"79996 Perry Heights Suite 099, Port Ashleeport, PW 18463"
38,KarenWise,karenwise@gmail.com,+4&+qHSb9m,"18970 Maria Mountain, Perryberg, PR 44150"
39,DavidDavid,daviddavid@gmail.com,+6h%_nuviB,"3670 Lowe Hill Apt. 610, Stantontown, LA 83197"
40,AndrewJohnson,andrewjohnson@gmail.com,nmfM1eMp9%,"0697 Allison Springs, East Matthew, KS 09199"
41,MaryHunt,maryhunt@gmail.com,7$72JxcO3j,"6722 Brett Roads Apt. 121, Kellyfurt, IN 25217"
42,LisaTorres,lisatorres@gmail.com,h%0hBF)oKg,"6618 Bethany Avenue, West Michaelbury, KS 81330"
43,KimberlyHoffman,kimberlyhoffman@gmail.com,C_1vjUano^,"539 Parker Wall Apt. 617, Pittmantown, NH 20734"
44,KathleenPeterson,kathleenpeterson@gmail.com,1oCkdkWa@I,"35765 Claudia Mews Apt. 678, Carneyside, KS 64002"
45,KaitlynLynch,kaitlynlynch@gmail.com,@cM31yNZ74,"PSC 7699, Box 8042, APO AA 70117"
46,JamesDennis,jamesdennis@gmail.com,(8ZK*1Sq%K,"95665 Cody Ports Apt. 451, Warrenshire, NY 93940"
47,KristiMoore,kristimoore@gmail.com,+4LUz&WUUV,"9152 Heather Street, Murphyberg, LA 45024"
48,AngelaLopez,angelalopez@gmail.com,s6oEU5k6#y,"6198 Weaver Creek, East Wendystad, MD 75774"
49,AngelaIrwin,angelairwin@gmail.com,wFS4F0Ua^R,"289 Taylor Drives, East Amber, FM 48255"
50,MatthewWilson,matthewwilson@gmail.com,)L2Qs$xOyZ,"653 Garcia Wall, West Sydneyport, NH 53292"
51,DennisFlores,dennisflores@gmail.com,0!6p4Idc*c,"65591 Perez Glen Suite 654, North Brian, RI 08979"
52,AndrewMartinez,andrewmartinez@gmail.com,D&0G*oIw24,"27395 Andrews Crossroad, East Jennifer, AZ 92585"
53,LeslieSellers,lesliesellers@gmail.com,)SKLE5ybN@,"85622 Kristi Ridge Suite 149, Lisabury, MO 44510"
54,LarryMartinez,larrymartinez@gmail.com,OAR9SZXf@!,"0402 Rebecca Springs, Bishopstad, IL 10431"
55,BettyForbes,bettyforbes@gmail.com,G6TX&w*j&8,"47914 Brian Forks Apt. 605, Cynthiaton, GU 90031"
56,DianaHolland,dianaholland@gmail.com,)KD85Or53d,"58953 Anthony Centers Suite 564, New Christophermouth, AK 52908"
57,IanGrant,iangrant@gmail.com,*kU2_fMs3N,"53600 Richardson Heights Apt. 119, Rodneyport, WV 68535"
58,ThomasWilson,thomaswilson@gmail.com,a!I3tBMm^@,"04883 Thomas Islands, Campbelltown, NE 64620"
59,BarbaraLittle,barbaralittle@gmail.com,*UNbEiqMK0,"3788 Wilson Corners Suite 311, Lake Jacquelinestad, MH 53929"
60,TonyaSteele,tonyasteele@gmail.com,k26EJd4&@c,"775 Mitchell Mission, North William, WA 19688"
61,MichaelAnthony,michaelanthony@gmail.com,%UL6F9Uf%6,"37836 Crawford Via Apt. 734, Lake Susanmouth, NC 57411"
62,JasonHarris,jasonharris@gmail.com,LI7akvBwW$,"716 Patricia Path Apt. 790, Smithfort, MO 18312"
63,JamesMorris,jamesmorris@gmail.com,Nu!T*SYA^7,"39030 Trujillo Stravenue, South Amy, TX 09037"
64,MaryMoore,marymoore@gmail.com,(71EXcn*&x,"23409 Bradley Islands, New Brian, DE 80091"
65,DaleHansen,dalehansen@gmail.com,KT^GPqDm$7,"330 David Ford, Martinbury, SC 57049"
66,RobertGreen,robertgreen@gmail.com,$lLSdlMpL6,"76184 Christina Trace Suite 339, Lake Shaun, ND 07556"
67,DavidMartin,davidmartin@gmail.com,9pU5+GdP#Y,"323 Brown Mountains Apt. 336, Chandlerview, KY 75435"
68,DonnaLopez,donnalopez@gmail.com,XgI&R4NjrO,"76699 Marcia Turnpike Suite 544, Travismouth, NJ 39062"
69,EmilyDaniel,emilydaniel@gmail.com,#9gbPkpFm^,"80701 Gutierrez Loaf, Raymondport, UT 25599"
70,DebraRobinson,debrarobinson@gmail.com,xDZ@1TmJ&0,"26821 Gomez Plain, Michellemouth, DC 78199"
71,BrandyKim,brandykim@gmail.com,VM!2BPRk6h,"6328 Martha Views Apt. 348, Lake Jakemouth, NY 03836"
72,KristinSmith,kristinsmith@gmail.com,aS7ZXtvf#t,"68173 Crawford Lock Apt. 052, Lake Lorrainechester, NE 45472"
73,MeganSaunders,megansaunders@gmail.com,#SfW4#GlFV,"21514 Daniel Ports, South Allen, PW 95509"
74,MichaelHarper,michaelharper@gmail.com,t@Z%imXvk3,"Unit 6118 Box 1735, DPO AA 81546"
75,MichaelThomas,michaelthomas@gmail.com,2xB9spNZ+G,"178 Taylor Parkway Suite 966, Brentchester, NM 04078"
76,StaceyGutierrez,staceygutierrez@gmail.com,@_4#eHp$H%,"5130 Perez Ways Apt. 761, South Lawrencehaven, FL 89362"
77,GeorgeMckay,georgemckay@gmail.com,5^C96Rle4J,"8554 Thomas Highway Apt. 425, Dianaburgh, ME 61589"
78,ChristinaNelson,christinanelson@gmail.com,Ya*0^Sqq(C,"193 Castillo Road Suite 018, Patriciaside, IN 65259"
79,MichelleMarsh,michellemarsh@gmail.com,#Fcc1Mbc6h,"Unit 4283 Box 1613, DPO AA 21407"
80,ChrisSharp,chrissharp@gmail.com,Q8ZC32_q^C,"993 Shannon Prairie Apt. 949, East Davidfort, NC 79449"
81,AllenCross,allencross@gmail.com,ij(8KxodkW,"771 Tammy Wells, North Jonathan, PR 38668"
82,NathanBryant,nathanbryant@gmail.com,1DN4XhFg&Y,"748 Amy Lane, South Katiefort, SD 05782"
83,TonyBush,tonybush@gmail.com,2jDblVgJ!R,"7924 Mitchell View, Jenningsside, OR 02896"
84,JustinVincent,justinvincent@gmail.com,_LEKCXrz4f,"07946 Rhonda Crest Suite 301, Wilsonland, FL 55967"
85,SandraTaylor,sandrataylor@gmail.com,7&!3GWCTlp,"24716 Alfred Spring Apt. 700, East Brandistad, MI 96150"
86,JerryLogan,jerrylogan@gmail.com,_v7AgP&s0y,"PSC 9323, Box 1575, APO AE 73859"
87,VictorBonilla,victorbonilla@gmail.com,_)&9HMHdF3,"253 Young Locks, Michelechester, AL 12740"
88,BradleyWhite,bradleywhite@gmail.com,Xfk7Vdj$i@,"46758 Nathan Estate Apt. 631, West David, MD 86833"
89,KristinMoyer,kristinmoyer@gmail.com,VwMYh5R6+6,"5193 Mark Extension, Kimberlymouth, VI 70711"
90,EmilyAdams,emilyadams@gmail.com,#8U_0rStdN,"50278 Hall Views Suite 035, Watkinsville, CT 21765"
91,EthanGonzalez,ethangonzalez@gmail.com,T52uBTer#7,"5922 William Mountains Suite 302, West Mark, OH 81345"
92,AnnaGonzalez,annagonzalez@gmail.com,h_b4rtLai+,"4315 James Stream, Boyerborough, FM 70429"
93,StefanieMitchell,stefaniemitchell@gmail.com,Qy(TV&rd#5,"3575 Johnson Court Suite 953, Barneshaven, TN 57799"
94,TonyMitchell,tonymitchell@gmail.com,zCjIlmX@^2,"5452 Shaw Coves, Jenkinsshire, MT 14990"
95,StevenCox,stevencox@gmail.com,36KM+Edm_),"6862 Hernandez Junctions, New John, WA 33086"
96,DanielleTate,danielletate@gmail.com,_0_ynUgxE9,"8898 Leblanc Park Suite 554, New Michelle, DE 30219"
97,StephanieTaylor,stephanietaylor@gmail.com,@l3tIzFx)$,"6207 Philip Port, Morenoport, MH 43775"
98,CarlaBranch,carlabranch@gmail.com,D0^2Pe$wrp,"41228 Wilson Mountains Apt. 804, Allenview, MT 45385"
99,AdrianBonilla,adrianbonilla@gmail.com,)xDJFW_e$4,"7199 Joshua Passage Apt. 914, Lake Peterport, NC 12358"
100,BenjaminKirby,benjaminkirby@gmail.com,W^0%KXjoDh,"7834 Dustin Ridges, Christianland, NH 66444"
101,RachelTran,racheltran@gmail.com,q5CfOg*f#N,"1386 Cabrera Trail Suite 815, Taylorville, PW 35481"
102,SandraSmith,sandrasmith@gmail.com,x$ytB)hZ*0,"USCGC Morales, FPO AP 31204"
103,WendyMatthews,wendymatthews@gmail.com,#159HhTc+h,"41096 Harris Fields Apt. 749, Port Daniel, IA 71607"
104,SamanthaBurgess,samanthaburgess@gmail.com,V6(WVZvX@v,"Unit 1492 Box 0619, DPO AP 70316"
105,AbigailBraun,abigailbraun@gmail.com,^4yPpVs&JB,"84643 Clark Circle Apt. 184, Cochranmouth, NC 89247"
106,MarieBarnes,mariebarnes@gmail.com,1ORgZCBE#R,"83238 Ellis Mall Suite 909, Kimberlymouth, OH 42621"
107,JohnBurns,johnburns@gmail.com,)t*fJMaK1e,"4737 Hernandez Radial Apt. 809, North Markmouth, SD 50030"
108,RobertKing,robertking@gmail.com,Q%0TzU5qr@,"631 Ramos Place Suite 554, Port Christophershire, AK 40593"
109,JosephOrtiz,josephortiz@gmail.com,3u_1_EOuHt,"95110 Lopez Forks, Port Emily, MH 83225"
110,DanielGeorge,danielgeorge@gmail.com,0AOttiMB%1,"86845 Owens Mews Suite 343, New Kevinbury, AZ 89634"
111,MichaelStewart,michaelstewart@gmail.com,G%8@ZNwn4N,"32994 Lisa Rest Apt. 239, Kimberlymouth, ND 80979"
112,NathanielCarter,nathanielcarter@gmail.com,@0Y+a@L@9!,"430 Brent Manor Apt. 054, East Elizabethburgh, KS 62009"
113,JuanBuchanan,juanbuchanan@gmail.com,CrDvebJ89$,"096 Hill Streets Suite 342, Lammouth, VA 66857"
114,JosephGray,josephgray@gmail.com,f4gVPbV1&w,"3980 Cooper Extensions, Davisbury, MN 11773"
115,HollyDelacruz,hollydelacruz@gmail.com,5HAZ7OfoO+,"696 Larsen Bridge, East Ronald, NH 30567"
116,JacquelineWilliams,jacquelinewilliams@gmail.com,zTi+9Acklu,"390 Craig Street Apt. 388, Jacksonchester, NJ 22646"
117,ShellyWatson,shellywatson@gmail.com,Cve3WBbz^3,"54695 Goodwin Ferry, East Danielburgh, AR 14771"
118,TracyEaton,tracyeaton@gmail.com,&&0N89KtPq,"715 Silva Summit Suite 953, Lisastad, IA 67867"
119,MichaelDaniels,michaeldaniels@gmail.com,i)8jeVQtDF,"785 Fuller Valleys, Deleonstad, CA 70559"
120,DakotaPerez,dakotaperez@gmail.com,#2W*Kp+al6,"278 Jonathon Plain, Armstrongton, PW 55606"
121,MatthewBecker,matthewbecker@gmail.com,97H2$D!dX!,"089 Mills Course Suite 316, Callahanfurt, ME 49950"
122,StevenScott,stevenscott@gmail.com,2!tXnM%a*f,"288 Lisa Ways, New Kristen, AL 39708"
123,KevinSims,kevinsims@gmail.com,S_8XoBrkla,"513 Linda Mount, Fosterview, ME 71533"
124,JenniferMacdonald,jennifermacdonald@gmail.com,^575^By+A!,"717 Brian Summit, South Linda, DC 93572"
125,SandraSparks,sandrasparks@gmail.com,_51VoZ^(&t,"309 Mary Crescent Suite 454, East Zacharyton, KY 72350"
126,MelindaFrench,melindafrench@gmail.com,P1dDaEGt&x,"USS Nicholson, FPO AP 97739"
127,CrystalFlores,crystalflores@gmail.com,y+f0Nadd9f,"44865 Conway River, Dominicfort, GA 53209"
128,MirandaLeblanc,mirandaleblanc@gmail.com,a7Q6(Ybk(H,"000 Alyssa Stream Apt. 452, Halehaven, ND 28525"
129,EmmaJennings,emmajennings@gmail.com,*L68Zagj^l,"94334 Gonzalez Rest, East Carolyn, MI 47314"
130,JamesHenderson,jameshenderson@gmail.com,+5Erjzo_6Q,"74347 Adkins Mews, Andrewville, MN 88597"
131,DavidBaker,davidbaker@gmail.com,e75hU8vk)J,"25380 Silva Plain, Lake Kyle, SC 80768"
132,TaraGarcia,taragarcia@gmail.com,DuOCV&bK+0,"PSC 2592, Box 8482, APO AE 60913"
133,DanielGutierrez,danielgutierrez@gmail.com,+wP9xpF69b,"411 Shepard Summit, Millerview, OH 37584"
134,DennisCruz,denniscruz@gmail.com,(3X)kD!aJ3,"884 Peter Corner Suite 838, North Davidmouth, PW 54309"
135,BryanHolt,bryanholt@gmail.com,Ugv09sVgl(,"705 Hannah Spur Suite 872, East Caroline, MS 97664"
136,KristiBernard,kristibernard@gmail.com,s5sfQgWt)),"012 Thompson Brooks Apt. 375, Sharpton, OH 32011"
137,AmandaJacobs,amandajacobs@gmail.com,h^_%ORzg$6,"Unit 2333 Box 9625, DPO AP 27152"
138,ElizabethWhite,elizabethwhite@gmail.com,!OEv77V37c,"1407 Ramirez Lights Apt. 883, Teresamouth, PR 02552"
139,GlennMeyer,glennmeyer@gmail.com,s!0s!Vm9#q,"17089 Roberto Orchard, North Scott, VI 70868"
140,AaronSmith,aaronsmith@gmail.com,d!9f6ClS&q,"2926 Taylor Hills, East Amanda, MT 06103"
141,MichaelFischer,michaelfischer@gmail.com,@1UCWku8*o,"8322 Audrey Road Suite 440, Robinsonview, NY 67773"
142,JenniferGallegos,jennifergallegos@gmail.com,Me8ffRYb!e,"199 Susan Cliffs Suite 144, West Erin, MP 14354"
143,GeraldDennis,geralddennis@gmail.com,!2OmUjc5mP,"Unit 4978 Box 8629, DPO AE 88192"
144,DanielleBrown,daniellebrown@gmail.com,NibKTdZg@2,"80278 Brooke Key, Courtneymouth, NH 82992"
145,DavidDavis,daviddavis@gmail.com,)6M@9aa$zJ,"917 Kimberly Divide, Port Maryland, VA 94981"
146,MiaHampton,miahampton@gmail.com,0s7B6Awd!e,"30795 Adam Mews Apt. 844, West Marktown, WA 26720"
147,IsabellaJohnson,isabellajohnson@gmail.com,^h8HhgYR+E,"1619 Mccormick Motorway Apt. 209, Lopezton, CA 72303"
148,AshleyFrederick,ashleyfrederick@gmail.com,^wX4CSRbhb,"36392 Hall Inlet, West Michaelview, RI 34840"
149,JulieWoods,juliewoods@gmail.com,s@4SkYnpqh,"8328 Lane Ridge Suite 847, West Erik, CO 60390"
150,GaryMueller,garymueller@gmail.com,s!^7cNVwz#,"21640 Delgado Prairie, Kochhaven, WV 82119"
151,FrederickCase,frederickcase@gmail.com,0+cu4BzT^H,"4255 Blackwell Estates Suite 497, West Davidborough, FM 22799"
152,SarahPalmer,sarahpalmer@gmail.com,!FZSO9Is)e,"48678 Olson Valleys Suite 689, Sandrafurt, MT 01047"
153,DannyFreeman,dannyfreeman@gmail.com,+mPMjn4%X4,"1363 Charles Groves Suite 679, Tonymouth, AL 18381"
154,ChristineOwens,christineowens@gmail.com,_j8CwsVmzh,"2118 Gina Villages, Bethmouth, CO 77753"
155,HollyBrown,hollybrown@gmail.com,^6b^cRJc&&,"9222 Miller Oval Apt. 940, Elizabethside, DC 85514"
156,NicoleThomas,nicolethomas@gmail.com,iqlp*4Tc^*,"83500 Thompson Burgs Apt. 957, Jimmymouth, ID 11255"
157,JenniferBrown,jenniferbrown@gmail.com,^JHfxgc17z,"USCGC Macias, FPO AP 63168"
158,SandraHall,sandrahall@gmail.com,@W+T6d_xa9,"845 Lonnie Trail Suite 466, North Brianport, KY 11509"
159,DerekRobinson,derekrobinson@gmail.com,)A4gxUqrcJ,"896 Osborne Radial, Cummingsland, WA 28958"
160,MichealStevenson,michealstevenson@gmail.com,j3zXvEld)R,"USCGC Mcgrath, FPO AA 99435"
161,TimothyBerry,timothyberry@gmail.com,!2OiKd@cjr,"67097 Jennifer Center Apt. 782, Donnaview, WI 47598"
162,MichaelMay,michaelmay@gmail.com,u3UyizAi)j,"293 Tammy Mission Suite 612, Brandontown, MO 24833"
163,ElizabethMontgomery,elizabethmontgomery@gmail.com,156gSu#w(q,"246 Walker Via Suite 342, Jennifermouth, OH 82936"
164,VictoriaMartinez,victoriamartinez@gmail.com,T1c36Y_u!N,"083 Michael Ville, East Stevenside, WI 55444"
165,ChristopherSutton,christophersutton@gmail.com,J$7)UIfWM!,"27325 Jeffrey Mountains Apt. 372, Benjaminside, ME 35851"
166,JeffreyWalton,jeffreywalton@gmail.com,%c7CcvMs37,"63755 Best Extension Suite 842, New Edward, NM 18726"
167,JamesBall,jamesball@gmail.com,F#suu0TnEH,"511 Frost Flats, Samanthaborough, AL 35256"
168,JeffreyBenson,jeffreybenson@gmail.com,xmkt5JVq^$,"3169 Jake Mews, Johnsonport, DC 59569"
169,JessicaLopez,jessicalopez@gmail.com,Es7pjRiU1^,"5584 Turner Shores, Sherrymouth, TX 32662"
170,OliviaCraig,oliviacraig@gmail.com,$d92WW4p&%,"20048 Bill Brooks Apt. 274, Jimenezview, SC 38191"
171,AngelaStevens,angelastevens@gmail.com,pkLj1L0sv%,"70107 Hartman Lodge, Dustintown, OH 15021"
172,JeffDalton,jeffdalton@gmail.com,s$6DPgY)8),"69084 Thompson Hills Apt. 959, Laurenchester, KY 89490"
173,JessicaThomas,jessicathomas@gmail.com,q(j3bIz6ro,"69953 Wolfe Run Suite 192, Courtneyland, RI 27869"
174,WalterWilliams,walterwilliams@gmail.com,M3e^sQN^(y,"27944 Katrina Lake, Port Kaylamouth, VT 64069"
175,SaraWalker,sarawalker@gmail.com,rM(5OeSO&!,"1706 Brittany Drive Apt. 936, Guerreroborough, MD 23884"
176,JasonFields,jasonfields@gmail.com,m3@7uQHs!5,"936 Torres Ports Suite 603, Kimberlyside, FL 67363"
177,LaurenRosales,laurenrosales@gmail.com,$XQy@B@p*7,"PSC 1138, Box 5463, APO AE 51619"
178,ErinMclaughlin,erinmclaughlin@gmail.com,$b!CTyGW48,"061 Theresa Trail, Davidburgh, AS 27073"
179,JohnMcclain,johnmcclain@gmail.com,7wfPSjrp(P,"276 Sara Mount Apt. 963, Thompsonton, PW 76591"
180,LisaSullivan,lisasullivan@gmail.com,l^R*1UvqXl,"6301 Joseph Lock, Timothybury, KS 02826"
181,KaylaMartinez,kaylamartinez@gmail.com,p+S8Uj3W)v,"470 Julie Harbor Apt. 322, Port Rachel, TN 54430"
182,ErinGarza,eringarza@gmail.com,oPMR2FLs#0,"USNS Garcia, FPO AA 88725"
183,PeterBrennan,peterbrennan@gmail.com,K&1GXxSxoR,"13283 Smith Points, New Jacobfurt, TN 34996"
184,DonaldBennett,donaldbennett@gmail.com,&*3IwB1sqn,"180 Reyes Track, Jenniferside, CT 98107"
185,JacobCrawford,jacobcrawford@gmail.com,Ux^#N8Mvgt,"03937 Katherine Squares, West Deborah, LA 35778"
186,SeanMorris,seanmorris@gmail.com,l50wua+d!K,"7484 Sarah Loaf Suite 934, Jordanstad, TX 52784"
187,JoshuaWhite,joshuawhite@gmail.com,Vx#p6!XfZb,"6952 Walker Groves Apt. 220, Chenland, AZ 25880"
188,DannyBurns,dannyburns@gmail.com,(+i3MRTr(v,"692 Amber Terrace, Alyssafort, AR 81710"
189,BrittanySmith,brittanysmith@gmail.com,+XPE9+Bdi2,"47698 Shepherd Skyway Suite 479, Port Jonathanfort, MS 05062"
190,JeremyPeterson,jeremypeterson@gmail.com,(HLN6KzNi1,"87428 Solis Flat, West Sabrinaside, MO 55379"
191,VickieLutz,vickielutz@gmail.com,B+6ww1p+0C,"11448 Peter Knoll, Jasmineside, ID 01690"
192,JustinMarshall,justinmarshall@gmail.com,z243(FDh&6,"1458 Amy Stravenue Suite 431, South Ann, ID 63771"
193,ScottHorton,scotthorton@gmail.com,E%9M^BDtb9,"66223 Evans Bridge Apt. 759, East Joshua, MD 36152"
194,KevinSchwartz,kevinschwartz@gmail.com,v!5!7Up!Sq,"USNV Humphrey, FPO AE 63628"
195,CourtneyWalker,courtneywalker@gmail.com,miM%vOse^7,"0581 Miranda Crescent Suite 281, Grahammouth, MO 15100"
196,JessicaMartinez,jessicamartinez@gmail.com,*$0ONnradd,"1097 Jennifer Lane Suite 531, Lake Katelynberg, VA 28600"
197,AngelaRamirez,angelaramirez@gmail.com,!HlyFYd+38,"017 Carrillo Squares, Martinezfort, DC 15481"
198,CodyChase,codychase@gmail.com,*999WsSl)0,"USS Ingram, FPO AA 44898"
199,LeslieGonzales,lesliegonzales@gmail.com,@AkSDXPf4a,"258 Hannah Centers Apt. 887, North Michaelmouth, AL 81699"
200,MarkKelly,markkelly@gmail.com,8)W8H+iu*),"54744 Davis Lodge, West Jennifer, PR 45898"
