customer_id,customer_name,email,phone_number,address,registration_date
22,"Kayla Maldonado",clementssherry@example.net,001-704-661-4649x618,"191 Gordon Camp
Lake Seanville, MN 56042",2023-04-24
23,"John Doe",johndoe@example.com,123-456-7890,"123 Main St, Anytown, USA",2024-01-07
24,"Henry Dodson",daniel86@example.org,(753)487-9830,"111 Amanda Vista
Brownshire, GA 48530",2023-10-16
25,"David Hanson",hallmatthew@example.net,6459373482,"378 Price Flat Apt. 541
West Nancy, ME 88954",2023-05-05
26,"John Doe",johndoe@example.com,123-456-7890,"123 Main St, Anytown, USA",2022-04-28
27,"John Doe",johndoe@example.com,123-456-7890,"123 Main St, Anytown, USA",2022-07-31
28,"Kelly Anderson",jason14@example.com,+1-555-921-3737,"97017 Murray Views
New Megan, DC 24448",2023-04-20
29,"Jeffery Rose",lopeztyler@example.com,(381)785-9910x468,"71476 Fernando Fords
Brownburgh, OR 36379",2023-09-14
30,"Ashley Palmer",julie62@example.com,(976)836-9488x60077,"94480 Leblanc Mountains
Lake Amy, VA 58337",2023-06-04
31,"John Johnson",ilee@example.org,(744)817-1606,"Unit 8129 Box 0261
DPO AA 10677",2023-04-23
32,"John Doe",johndoe@example.com,123-456-7890,"123 Main St, Anytown, USA",2023-01-28
33,"Elizabeth Cole",reyeslisa@example.com,001-454-886-6114,"708 Bates Motorway
Lake Laurachester, DE 85442",2023-08-21
34,"John Doe",johndoe@example.com,123-456-7890,"123 Main St, Anytown, USA",2023-12-06
35,"John Doe",johndoe@example.com,123-456-7890,"123 Main St, Anytown, USA",2023-10-28
36,"Christopher Tran",mathewspatricia@example.org,001-810-853-5749x891,"9013 Barron Orchard
South Kelsey, SD 34940",2022-11-09
37,"John Doe",johndoe@example.com,123-456-7890,"123 Main St, Anytown, USA",2022-07-28
38,"Candace Schroeder",lucasamanda@example.net,688.467.0611x23855,"Unit 0779 Box 7829
DPO AA 32243",2023-07-22
39,"Zachary Vasquez",donnameyer@example.com,+1-652-911-3195x7704,"Unit 1772 Box 0158
DPO AA 74724",2023-05-11
40,"Lisa Wilkins",jbryant@example.org,001-508-447-8547x364,"98323 Guerra Shores
East Ravenland, KY 55525",2023-12-28
41,"Samantha Larson",carlataylor@example.net,001-398-839-0201x634,"76257 Nicholas Field Apt. 565
East Ian, NY 49347",2022-07-17
42,"Stephen Smith",millerdavid@example.net,331-552-5073x89084,"93171 Berry Path Suite 192
Scottbury, ID 93741",2022-10-17
43,"Marissa Villarreal",pamelanguyen@example.org,303.783.1095,"76909 Martin Brook Apt. 551
Lake Tony, CT 35272",2023-04-29
44,"John Doe",johndoe@example.com,123-456-7890,"123 Main St, Anytown, USA",2024-01-15
45,"Raymond Williams",tvaughn@example.com,608-941-0176x87904,"87818 Avila Throughway
Port Ashley, NJ 68599",2023-06-28
46,"John Doe",johndoe@example.com,123-456-7890,"123 Main St, Anytown, USA",2024-01-06
47,"Donna Sullivan",dustinmurphy@example.net,949-695-2527,"85328 Jason Shores
Lake Jeremiahside, MT 10099",2023-11-25
48,"Justin Smith",lyonskaren@example.org,001-442-671-0036x542,"02116 Connie Lodge Suite 385
New Codymouth, LA 50877",2022-08-18
49,"John Doe",johndoe@example.com,123-456-7890,"123 Main St, Anytown, USA",2023-01-14
50,"Kayla Lamb",valdezearl@example.org,202-826-1742x15144,"225 Calderon Fall Apt. 890
Melissatown, AK 18325",2022-08-19
51,"Allison Ramsey",karen10@example.net,632-755-3681x9146,"856 Kimberly Burgs
Livingstonchester, NH 60899",2022-08-26
52,"John Doe",johndoe@example.com,123-456-7890,"123 Main St, Anytown, USA",2023-05-17
53,"Paul Lewis",perezamy@example.org,457.518.2549x99401,"40073 Misty Dam
Baileyville, GU 44005",2022-12-11
54,"Brandon Smith",nathaniel53@example.net,248.472.4075x1204,"777 Eric Haven Suite 312
Burnettview, NJ 97946",2024-03-10
55,"Emily Payne",djohnson@example.net,+1-984-907-9159x9414,"0395 Yu Dale Apt. 717
Huntmouth, KS 05736",2023-12-12
56,"Linda Abbott",chapmancheryl@example.com,649.495.4573,"481 Cooper Throughway
East Jill, NM 18147",2022-08-25
57,"John Doe",johndoe@example.com,123-456-7890,"123 Main St, Anytown, USA",2023-09-13
58,"John Doe",johndoe@example.com,123-456-7890,"123 Main St, Anytown, USA",2022-10-01
59,"John Doe",johndoe@example.com,123-456-7890,"123 Main St, Anytown, USA",2023-12-20
60,"James Smith",thomasscott@example.com,5676078061,"9933 Martin Groves
North Justin, MT 49675",2024-01-08
61,"John Doe",johndoe@example.com,123-456-7890,"123 Main St, Anytown, USA",2022-10-11
62,"John Doe",johndoe@example.com,123-456-7890,"123 Main St, Anytown, USA",2023-09-11
63,"John Doe",johndoe@example.com,123-456-7890,"123 Main St, Anytown, USA",2023-09-17
64,"Gregory Welch",msampson@example.org,744-289-2465,"Unit 1558 Box 6330
DPO AP 02788",2023-02-21
65,"Shawn Gray",melanie62@example.org,619-670-1332,"77607 Ronald Mount Suite 369
Sandersfurt, LA 64283",2022-05-12
66,"Kimberly Jones",melinda85@example.org,+1-705-416-2056x3612,"87460 Gilmore Throughway Apt. 419
Summersmouth, CT 54783",2022-07-26
67,"John Doe",johndoe@example.com,123-456-7890,"123 Main St, Anytown, USA",2022-11-30
68,"John Doe",johndoe@example.com,123-456-7890,"123 Main St, Anytown, USA",2024-02-03
69,"Tanya White",davidgalvan@example.com,(897)323-2357,"53538 Jennifer Drive Apt. 497
Chungchester, NY 28003",2022-05-04
70,"Ashley Yates",slopez@example.com,5125238681,"156 Taylor Garden Apt. 453
Brownfurt, CT 22042",2023-09-25
71,"John Doe",johndoe@example.com,123-456-7890,"123 Main St, Anytown, USA",2023-04-03
72,"John Doe",johndoe@example.com,123-456-7890,"123 Main St, Anytown, USA",2022-06-01
73,"John Doe",johndoe@example.com,123-456-7890,"123 Main St, Anytown, USA",2024-02-07
74,"John Doe",johndoe@example.com,123-456-7890,"123 Main St, Anytown, USA",2023-05-31
75,"John Doe",johndoe@example.com,123-456-7890,"123 Main St, Anytown, USA",2022-09-23
76,"John Doe",johndoe@example.com,123-456-7890,"123 Main St, Anytown, USA",2022-09-10
77,"John Doe",johndoe@example.com,123-456-7890,"123 Main St, Anytown, USA",2022-09-06
78,"John Doe",johndoe@example.com,123-456-7890,"123 Main St, Anytown, USA",2023-06-06
79,"Tracy Bradley",lisa79@example.net,001-876-345-4774x689,"139 Rodriguez Wells Apt. 194
West Allison, OH 40207",2022-11-01
80,"Robert Dunn",monica42@example.net,001-305-201-3819,"1566 Conley Course
Dawsonton, IN 59729",2023-09-05
81,"John Doe",johndoe@example.com,123-456-7890,"123 Main St, Anytown, USA",2022-09-17
82,"Colleen Bailey",karinasmith@example.org,(817)650-8450x5272,"888 Rubio Ways
North Brettborough, ME 54324",2022-11-26
83,"John Doe",johndoe@example.com,123-456-7890,"123 Main St, Anytown, USA",2023-03-27
84,"John Doe",johndoe@example.com,123-456-7890,"123 Main St, Anytown, USA",2022-09-30
85,"Amber Smith",kelly44@example.net,+1-366-454-1331x4397,"62236 Hensley Junction
South James, PA 29562",2022-05-10
86,"John Doe",johndoe@example.com,123-456-7890,"123 Main St, Anytown, USA",2022-07-29
87,"John Vasquez",duncanrobert@example.net,848.703.5530,"876 Lynn Mills
Port Stephanieville, GA 22026",2022-08-06
88,"John Doe",johndoe@example.com,123-456-7890,"123 Main St, Anytown, USA",2022-06-01
89,"Sara Martinez",jennifer40@example.com,+1-446-308-8841x7098,"819 Martinez Stravenue Suite 760
Stanleyburgh, OH 98610",2023-01-12
90,"Joseph Daniels",jacqueline67@example.com,555-750-1997x57290,"92613 Kyle Rue
West Jennafort, NM 29248",2023-10-23
91,"Jeffrey Cole",mollydominguez@example.com,+1-737-595-2754x640,"11156 Murphy Ramp Suite 320
Wilkinsland, AZ 81657",2022-04-17
92,"Miguel Benson",josephsilva@example.org,(322)937-7924,"82758 Ashley Valleys Apt. 759
Morrisview, GU 66679",2022-08-03
93,"John Doe",johndoe@example.com,123-456-7890,"123 Main St, Anytown, USA",2024-03-03
94,"Peggy Smith",lindseymartin@example.net,6337190951,"2956 Nathaniel Pines
Briggston, VT 95804",2023-12-03
95,"John Doe",johndoe@example.com,123-456-7890,"123 Main St, Anytown, USA",2022-12-26
96,"John Doe",johndoe@example.com,123-456-7890,"123 Main St, Anytown, USA",2023-11-08
97,"John Doe",johndoe@example.com,123-456-7890,"123 Main St, Anytown, USA",2022-08-02
98,"Thomas Cook",hcarter@example.org,(537)574-8478,"35010 Bush Inlet
East Allison, FM 23028",2023-10-02
99,"Kimberly Page",rodriguezkristine@example.net,4298336578,"40653 Heather Forges Suite 767
Sharpfort, ND 83100",2023-12-07
100,"John Doe",johndoe@example.com,123-456-7890,"123 Main St, Anytown, USA",2022-05-25
101,"Christopher Miller",suzanne41@example.org,+1-506-368-9200x8228,"91489 Thompson Club Apt. 125
New Justin, PA 47702",2023-04-27
102,"John Doe",johndoe@example.com,123-456-7890,"123 Main St, Anytown, USA",2023-09-29
103,"Robert Bryan",ajohnson@example.net,743-661-9899x059,"3314 Davis Mountains
Lake John, ME 68790",2023-12-13
104,"John Doe",johndoe@example.com,123-456-7890,"123 Main St, Anytown, USA",2022-12-05
105,"Amy Coleman",hmedina@example.com,481.325.8322,"9737 Reed Walk Suite 526
Port Matthew, OH 71509",2023-02-28
106,"John Doe",johndoe@example.com,123-456-7890,"123 Main St, Anytown, USA",2022-08-10
107,"John Doe",johndoe@example.com,123-456-7890,"123 Main St, Anytown, USA",2022-07-13
108,"Jacqueline Rogers",gregoryross@example.net,(788)663-7945,"850 Kelly Trail Suite 424
Alejandrotown, PA 98204",2022-11-18
109,"John Doe",johndoe@example.com,123-456-7890,"123 Main St, Anytown, USA",2023-02-01
110,"John Doe",johndoe@example.com,123-456-7890,"123 Main St, Anytown, USA",2022-11-24
111,"John Doe",johndoe@example.com,123-456-7890,"123 Main St, Anytown, USA",2024-03-01
112,"John Doe",johndoe@example.com,123-456-7890,"123 Main St, Anytown, USA",2023-02-26
113,"John Doe",johndoe@example.com,123-456-7890,"123 Main St, Anytown, USA",2023-07-04
114,"Norma Butler",singhgeorge@example.org,928-829-7764x04505,"5678 James Flat Apt. 969
Salazarbury, HI 86842",2023-12-12
115,"John Doe",johndoe@example.com,123-456-7890,"123 Main St, Anytown, USA",2023-07-14
116,"James Macias",hsilva@example.com,478.767.6414,"2750 Elizabeth Highway Apt. 632
Thompsonhaven, UT 60818",2023-10-15
117,"Rachel Chase",margaretmanning@example.org,001-795-572-2132,"51421 Richard Heights
East Rebeccamouth, RI 42441",2022-07-14
118,"Julie Castaneda",erinreese@example.org,+1-803-690-4495x7516,"211 Hicks Ramp
Adamhaven, UT 18240",2022-07-02
119,"Russell Davis",mfuller@example.org,832.806.3867,"4837 Amy Landing
Aguilarview, MT 06041",2022-08-26
120,"Michelle Gibson",amy92@example.net,249-944-2276,"PSC 3744, Box 5652
APO AE 15079",2023-06-29
121,"Christine Wang",tararush@example.net,9103442844,"937 Alison Estates
East David, MT 98708",2022-08-15
