id,string,number,no_date,st_boolean,uuid,country,color,job
1,hundred,34126,1970-08-09,0,14300591-4c09-49ea-a06c-d38262977e10,"Palestinian Territory",SaddleBrown,"Environmental consultant"
2,teacher,72154,1980-05-30,1,c289b019-c2e7-40ba-8c56-5c9b9a1e8c9c,Micronesia,PaleTurquoise,"Therapist, drama"
3,yes,96280,1979-03-24,1,f162f3b3-0cf3-40a0-a8f8-c167b0d8de62,Zimbabwe,DodgerBlue,"Commercial/residential surveyor"
4,us,70933,1987-11-28,0,bc1dd3fa-1c5b-4979-ac5b-84a8cbe31273,"San Marino",DarkGoldenRod,"Travel agency manager"
5,speech,70471,1978-03-11,1,98d06bd3-0555-4d7f-b9de-1df578f288bf,Swaziland,Olive,Printmaker
6,charge,68993,1979-11-08,0,72d14cd0-dc0c-44e3-9f09-c96a2d7d7a74,Timor-Leste,Crimson,Lawyer
7,several,91097,2001-04-15,1,f8eaf0b0-08ee-4641-a849-650c5a52fb86,Botswana,DarkOliveGreen,"Product designer"
8,tonight,67938,1986-12-09,1,b9c2ab26-02fb-482e-85b0-017262435566,Mongolia,DarkSalmon,"Psychologist, educational"
9,too,58590,1999-12-06,1,651343cc-d629-470d-9600-f521e091b2de,"Faroe Islands",Ivory,"Building surveyor"
10,imagine,55357,2021-10-31,0,d35889cf-bfd6-4219-9975-2a7983e97dec,"Sao Tome and Principe",CornflowerBlue,"Therapist, occupational"
11,sell,48080,2019-08-24,0,2f684d67-05fd-4a28-9828-9731387ad854,Yemen,DeepSkyBlue,"Brewing technologist"
12,owner,76493,1997-02-10,1,20c25c37-b5bb-4522-bfb5-c4b1a3fd019f,Bolivia,LightSkyBlue,"Commissioning editor"
13,foot,74463,2003-03-23,1,d508add7-8eb2-4dd8-8e00-a60b32ed1734,Kiribati,DarkBlue,"Surveyor, hydrographic"
14,role,84972,2017-07-21,0,b79dcd02-5c80-420d-8a5d-c4c8ecfd350a,Namibia,Wheat,"Petroleum engineer"
15,owner,93177,1975-02-09,0,d2563d27-8bc1-4af9-b452-eba931d41db8,"Bosnia and Herzegovina",SaddleBrown,"Barrister's clerk"
16,huge,49072,2012-02-05,1,cec9884b-cd40-4178-84d0-3fffad22f8cf,"Saint Helena",LightPink,"Surveyor, minerals"
17,whether,46818,1972-07-28,0,04d5c6c4-efe5-4c36-a4fb-1e5f392a33d2,"Falkland Islands (Malvinas)",PaleGoldenRod,"Child psychotherapist"
18,item,37983,1973-08-12,1,0ed9a5be-a461-4c0d-a5e5-bdc2d3e760ab,"New Caledonia",Tan,"Clothing/textile technologist"
19,check,86213,2002-06-22,1,2a7ac151-4f49-484c-aaea-f30b188df56f,"El Salvador",Coral,"Buyer, retail"
20,safe,62063,1981-11-24,1,388b6291-a60b-401d-a049-fc47d7c65e0d,"French Polynesia",DarkViolet,"Occupational psychologist"
21,room,16145,1974-03-04,0,cbf3892f-fab4-4a82-9fb7-51b56463e242,"Cocos (Keeling) Islands",Purple,"Associate Professor"
22,upon,34704,2017-09-09,1,9d6b4496-0cf2-4944-84b1-5a3a8569e0c9,"Bosnia and Herzegovina",LightCoral,"Restaurant manager"
23,commercial,21940,2014-10-16,0,2ecb143e-c37c-46c3-8f57-470668ebf967,"Sao Tome and Principe",HoneyDew,Photographer
24,material,73850,2015-08-02,1,b4431692-9db2-4306-9122-aec2539d4ecc,Grenada,Tomato,"Operational researcher"
25,determine,92026,1979-08-21,0,709bd05c-05b5-4f52-b561-60854eeb7e3e,Belarus,Silver,"Psychologist, occupational"
26,close,48033,2017-03-06,1,3e77aec6-459c-4ff5-9c9f-e2d701f60859,Kazakhstan,MediumTurquoise,"Waste management officer"
27,alone,96371,1999-07-16,0,587eb5a4-16e5-4fe0-9181-d763db49696d,Cyprus,DarkViolet,"Investment analyst"
28,manager,40564,1993-03-24,1,cc4fa760-ba2e-4f99-982a-87f4e8d07e35,Thailand,SpringGreen,"Electronics engineer"
29,remain,60919,1996-06-15,1,76e30cd2-16f2-449e-b7bd-9c6d8de01852,Singapore,DarkSeaGreen,"Electrical engineer"
30,do,20897,2002-09-08,0,4255a63e-81b3-4070-b063-3f94b7d8859e,Angola,Linen,"Data processing manager"
31,cost,60788,2013-10-09,0,7c3caf4c-4be9-4429-ac8d-efeced26b3b6,Kazakhstan,SkyBlue,"Passenger transport manager"
32,local,15659,1972-10-19,1,9e33677c-2b16-4d56-8e2f-161a894b8d93,Denmark,Beige,Photographer
33,once,80368,2006-03-21,0,3a73d576-6ca8-4b3e-b0aa-94648f1a217c,"Heard Island and McDonald Islands",Sienna,"Solicitor, Scotland"
34,away,35417,2024-01-22,1,a310f0cd-f8b2-4cf0-84aa-a2132ac95acd,Korea,RosyBrown,"Exhibitions officer, museum/gallery"
35,through,49533,1975-05-02,0,3a38e5a8-b16d-43da-aa79-37cea6612658,"Cook Islands",DeepPink,"Audiological scientist"
36,easy,99517,1998-02-26,1,f2dbd5d1-57d4-4d29-9aba-1d80e3fd22e1,Bulgaria,DarkSeaGreen,"Legal executive"
37,base,13824,2023-04-29,0,2a7eae7f-6636-4760-94a5-c696c756f6eb,Italy,Khaki,"Trading standards officer"
38,how,98100,1985-10-10,1,8cdb85a7-98e2-487f-9d7d-cfcd47f20fda,"Cook Islands",CornflowerBlue,"Psychiatric nurse"
39,reach,26773,1983-01-24,1,ca1a64e0-d1d5-4f32-a6c7-c0681893fa75,Paraguay,DarkSeaGreen,"Recycling officer"
40,blue,26658,2005-05-20,1,2de2b451-a5ad-442a-ab9c-1238d31d25eb,"Saint Lucia",LightBlue,Chiropractor
41,hold,63546,1985-11-17,0,89e26043-e121-48cb-823c-338adfbd6180,"South Georgia and the South Sandwich Islands",MidnightBlue,"Chartered management accountant"
42,east,96746,1997-12-05,1,bf5914cc-f0a7-4eb5-a6e0-3311515cf8f8,Sudan,Sienna,"Industrial/product designer"
43,listen,57738,1986-10-19,1,e339dbda-01dd-4ce0-870c-b97b199a2cd9,Madagascar,PapayaWhip,"Careers information officer"
44,commercial,54054,1990-09-14,0,35309be6-b4e9-4418-bf9c-40f47187c934,"Antarctica (the territory South of 60 deg S)",Sienna,"Commissioning editor"
45,reality,73311,1974-08-09,1,537fb625-ae21-49dd-8658-4db992948fe9,"United States of America",PaleVioletRed,"Teacher, special educational needs"
46,story,62521,1987-06-21,0,ab73377c-bc79-4e6f-94af-d8ab7ec84723,"Cape Verde",LightSeaGreen,"IT consultant"
47,American,56291,2022-10-14,1,2d0232e1-5e7a-4bcc-9586-bfdd4496091f,"Saint Kitts and Nevis",LightGoldenRodYellow,"Data scientist"
48,area,94414,1990-08-22,1,7c362159-6877-4162-acbb-bb559b71c043,"Netherlands Antilles",Tomato,"Teacher, special educational needs"
49,agree,24128,1988-01-01,1,6d999f25-b1c3-4d01-b393-251e5c1775b0,"South Africa",White,"Surveyor, minerals"
50,care,93057,1971-03-01,1,96e6bf28-8bdb-4655-89be-ed82e8d7cf76,Guinea-Bissau,Gold,Firefighter
51,turn,52367,2000-02-04,1,e402f352-d16b-4ef6-82bb-599b16dde360,"United States Virgin Islands",FireBrick,"Automotive engineer"
52,board,88486,1983-02-20,0,18372e7b-3d53-4e12-a128-f4db63d9eba6,Mayotte,Maroon,"Clinical biochemist"
53,cover,88382,1982-02-10,0,56a28e87-5192-40b5-8636-6179cab21fe3,Benin,DarkGray,"Theatre manager"
54,image,39331,2013-02-14,0,5c69db3b-3489-4f9d-8a11-6c5be40de64c,"British Indian Ocean Territory (Chagos Archipelago)",Chartreuse,"Teacher, music"
55,expect,11938,2013-09-22,1,27adebb4-931b-484f-bb6e-82cb5f6a3a39,Zimbabwe,LightYellow,Artist
56,involve,16343,2013-08-12,1,b3e66e7e-6bc6-4a32-ace8-b473cb09e0a3,"Libyan Arab Jamahiriya",Peru,"Chartered loss adjuster"
57,news,41617,1972-11-02,1,773b9130-ddf9-4ba3-8c0e-b1e2c03cb8c0,Oman,DarkMagenta,"Chief Financial Officer"
58,bed,96990,1978-01-17,1,65d432f1-3f9a-4961-a3d9-806657d720fd,Vanuatu,Crimson,"Tree surgeon"
59,new,58841,2002-06-07,1,5efa3680-cae6-4cc6-8d25-b31dbca830c4,Comoros,YellowGreen,"Historic buildings inspector/conservation officer"
60,alone,19000,2002-11-29,1,f966b618-6e96-451e-8e53-ddab7742c05b,Argentina,DarkBlue,"Programmer, multimedia"
61,million,46055,1980-09-09,1,370c793d-2c72-488a-98b2-77f89b63efd5,"United States Virgin Islands",Yellow,"Learning mentor"
62,bank,89732,2003-11-11,1,eace7b7f-2fae-44da-822d-58258ba76314,Qatar,DeepPink,"Sales promotion account executive"
63,move,79843,2007-05-12,0,07adcd34-f09b-456c-8d3d-61f75e082cda,Bulgaria,CornflowerBlue,Cartographer
64,according,95791,1999-05-22,1,12d306fd-3bbc-4586-a237-0419d1672d7a,"Saint Kitts and Nevis",Moccasin,"Fashion designer"
65,draw,33897,1978-09-21,0,1b4160ca-9ba7-4d75-b7fe-cd183c564a4c,"Cocos (Keeling) Islands",DarkGoldenRod,"Therapist, sports"
66,member,45100,2015-09-24,1,46efb4ed-0da7-4d75-9948-994039a11a9c,Armenia,MediumOrchid,"Technical brewer"
67,type,41913,1971-10-29,0,097c6ef1-025e-45fc-93b3-16268d38878c,Korea,DarkCyan,"Exhibition designer"
68,how,19193,2000-11-10,1,1c1579aa-0eda-4314-9ead-36fb15f2c0f1,"Holy See (Vatican City State)",HotPink,"Lecturer, further education"
69,trip,83041,1984-04-01,1,3ced89d8-54ed-4442-9b1f-cc310ae52c86,"Cook Islands",DarkKhaki,"Energy engineer"
70,point,69294,1992-06-11,1,7cfbb087-af20-452a-8178-030d0c56059a,Luxembourg,Magenta,"Research scientist (medical)"
71,painting,10954,1996-02-06,0,53344f73-962b-4c4d-8d3b-83eaf5370377,Vietnam,DarkViolet,Printmaker
72,morning,66552,2014-02-03,0,82a358a7-39ab-4158-8610-e41259e6c0b2,Namibia,DarkOliveGreen,"Occupational hygienist"
73,site,39081,2001-07-15,0,da06a478-b635-4370-b36e-d0c9848aa0cd,"Heard Island and McDonald Islands",GhostWhite,"Geophysicist/field seismologist"
74,well,68978,1995-08-06,0,ad402a3f-d296-4e0d-8b35-1fcca3b67f5e,Turkey,HotPink,"Environmental health practitioner"
75,assume,31073,2015-06-24,0,843b9aa2-9d4f-4987-a994-3695f155fef4,"Cape Verde",LightSteelBlue,"Set designer"
76,day,19095,1973-11-14,0,b1a14b39-d5c1-4fd2-aa5f-97cdbf41cbfc,Korea,MediumOrchid,"Clinical embryologist"
77,there,23811,2007-04-20,0,2efc4e69-42b3-4808-8424-c62abfc937f6,Paraguay,MediumBlue,"Social researcher"
78,various,51021,1974-03-09,0,fdfd312c-cbc3-4c81-8080-0a193bf6d37f,Kiribati,Pink,"Scientist, research (medical)"
79,camera,76865,1985-07-20,1,2d8cc7b8-65ba-43d9-ae75-7c37ba8a6f4c,Nauru,Azure,"Financial risk analyst"
80,will,96064,1991-02-25,0,cf0de88a-ff1f-444a-88f3-9b7226781c6a,"Kyrgyz Republic",HotPink,"Set designer"
81,those,21153,1970-08-18,0,327a2aa2-9d9d-4190-be2d-e576150f757a,Mongolia,Coral,"Landscape architect"
82,father,78745,2008-11-24,1,a898b80c-15ef-40c7-9351-8853928bced9,"Czech Republic",Aqua,"Pension scheme manager"
83,pattern,91508,2010-01-17,0,3ccd4daf-d1b0-4685-975f-18487bdb0731,Denmark,MediumPurple,"Geophysical data processor"
84,teach,77967,2009-02-02,0,deedd633-de2b-4cc3-9707-f5bc705c6598,Vanuatu,AliceBlue,Warden/ranger
85,fire,88259,1976-08-24,1,05a88f72-a8b2-478e-8bb1-de266112bf3c,Jamaica,LightPink,"Press photographer"
86,think,61223,1975-11-29,1,1b34b5f7-c637-4aaf-940b-87da4db51b1b,Hungary,SlateBlue,"Surveyor, land/geomatics"
87,her,63627,2014-11-21,0,04b74e1d-1b61-4055-8310-098a87da0729,"Trinidad and Tobago",Plum,"Recruitment consultant"
88,party,78541,2022-10-11,0,39918fc9-3841-4f97-944e-158cf711bb08,"United States Virgin Islands",DarkMagenta,Proofreader
89,part,47929,2018-07-24,1,4abaa697-068c-47f7-832c-4f7706abb041,Cambodia,DarkCyan,"Armed forces technical officer"
90,skin,53417,2009-05-06,1,f2fd3f33-3312-4268-9be5-694fb9b8525d,Netherlands,MediumPurple,"General practice doctor"
91,image,89514,1990-12-30,1,b99b9c1e-1ecd-48d3-969d-430e6644142e,"New Zealand",DarkSlateGray,"Music tutor"
92,put,60276,2008-08-07,1,5697cbda-aa42-4f2e-9369-c30042bb1058,Cambodia,DarkKhaki,"Technical author"
93,politics,47725,1995-07-16,1,09afceca-0efe-4033-897c-9288787fbccd,Hungary,DarkBlue,"Manufacturing engineer"
94,hundred,37141,2011-06-17,0,0925522d-e6bc-476a-adb7-672123213de9,"Burkina Faso",DarkMagenta,"Logistics and distribution manager"
95,what,14542,2010-05-30,0,58a597ad-0c15-44ef-8cd7-9e2c0bef44d3,France,Snow,"Higher education careers adviser"
96,around,70013,1972-09-09,1,c1d4d0c4-2d1c-4b34-b26b-6c628612253f,"Saudi Arabia",SaddleBrown,"Therapist, music"
97,surface,33345,2021-09-18,1,82bdee9a-31da-4472-b9f3-c878255f4329,Colombia,LightYellow,"Quality manager"
98,enough,97415,1971-03-02,0,7274a076-5b50-491b-baba-28c30a79e8c3,Martinique,Coral,"Surveyor, planning and development"
99,night,94113,1986-07-16,0,6cedb1a7-7e05-4a10-8a38-cb5f36bb39d1,Togo,DarkSalmon,"Special educational needs teacher"
100,result,42812,2013-07-24,0,c75014ae-bfa8-4437-a0d7-419e847684b2,Reunion,WhiteSmoke,"Engineer, electronics"
101,common,60951,1984-06-27,0,c97cfeaf-1ced-41ac-8b41-e317b13a40d4,"United Arab Emirates",DarkGray,"Electrical engineer"
102,coach,38087,2015-07-25,0,64fd108b-e01b-4ed2-b2e9-ce5d51a8caf7,Iraq,SlateBlue,"Event organiser"
103,half,43458,1993-12-02,0,72501ec8-bbc8-4658-b2e9-94a574a0dc33,Seychelles,RoyalBlue,"Clinical scientist, histocompatibility and immunogenetics"
104,hundred,94940,2000-09-10,1,d4b7a5d2-52a5-4c45-82c5-6f82f0b22dfc,Nigeria,YellowGreen,"Psychologist, sport and exercise"
105,example,62266,2021-04-02,1,77adbf16-9e9a-4ab6-ae57-54e2ac4f6124,Bolivia,LawnGreen,"Conference centre manager"
106,black,78272,1977-09-28,1,77ea143c-c83f-42b9-8475-bee0df2123e4,Micronesia,Tomato,Actor
107,half,31066,1991-01-19,1,23d35cee-4a8d-43d3-bc37-4e4f42134a30,"Hong Kong",DarkSeaGreen,"Research scientist (maths)"
108,through,74240,1998-02-11,1,d6bb33f3-4860-4c45-ba8f-8e74af39299a,"Saint Helena",Linen,"Product manager"
109,investment,50998,1983-05-27,1,2d0c6dba-5fa5-4ebc-8bfc-c2aee387073b,Indonesia,MediumSeaGreen,"Administrator, Civil Service"
110,rate,46087,1982-03-02,1,55e8eec4-7911-47e9-a1ac-c4d936937487,Guyana,Chartreuse,"Diplomatic Services operational officer"
111,foreign,21385,1979-04-08,0,599a8d3f-abfa-401b-8972-bda19db88a66,Fiji,OldLace,"Environmental education officer"
112,vote,98588,2000-11-24,1,e3d3f6fa-8556-4e04-a9dd-9e54cb37089f,Guatemala,LavenderBlush,"Field seismologist"
113,happy,88576,2001-10-24,0,c862cd98-b49a-47cb-9c82-f7b44dbc0cb4,Guatemala,Chartreuse,"Legal executive"
114,less,10554,2012-06-14,0,a68ee399-dbd0-4efb-beaa-f07c090a794a,Peru,LawnGreen,"Scientific laboratory technician"
115,tell,93684,1995-06-26,1,a372c998-7921-4bbf-91af-3612abfe2fa4,Iceland,LightSteelBlue,"Race relations officer"
116,world,36233,1987-07-16,0,2a75ac70-3871-499c-8301-a02bd486d188,"French Polynesia",SeaShell,"Careers information officer"
117,able,70513,1985-03-10,1,3614334e-039a-493f-9b13-9befc144cc1a,Bahrain,LemonChiffon,"Surveyor, building control"
118,ground,11315,2010-07-09,1,77071b24-db14-4955-acf7-ca4d77153389,"Saint Helena",GoldenRod,"Accounting technician"
119,into,33587,2006-03-27,0,c7a5b367-1f0e-4f66-afb0-86aa26ee1cee,Yemen,Magenta,"Art gallery manager"
120,road,87549,2013-10-07,0,26da3532-c1be-4f27-b377-ece2012523b4,Botswana,SlateGray,"Audiological scientist"
121,try,87072,1981-08-31,1,a684c242-b71c-4a71-bbf9-403a0bcd4820,Mauritania,Chartreuse,"Environmental manager"
122,speech,81019,1979-06-16,0,55aaf666-fdc6-4e47-b2c2-3d501dc9cb42,Panama,DarkSlateGray,"Set designer"
123,stage,38211,1978-09-04,1,ada210e6-383c-458d-8302-3c32cebc7f4a,Mexico,CornflowerBlue,"Producer, radio"
124,president,10672,2000-02-18,1,794c7b3d-617f-4a0c-8cc8-3974557f0c52,Zambia,Magenta,"Trade union research officer"
125,still,63721,1992-11-12,0,e7b39a0b-3d45-4533-a598-40b0558324f8,"Papua New Guinea",Turquoise,"Theatre manager"
126,forward,41473,2021-07-28,0,75f4c52e-2f8a-4286-9ec5-1e8ef78ae6b6,"Saint Helena",FloralWhite,"Colour technologist"
127,accept,90046,1976-01-04,0,c9825ca0-0018-4c4e-b4b5-5bb309c91424,"United States of America",Bisque,"Jewellery designer"
128,area,83724,1979-07-19,1,2b571aef-7efe-496b-913b-550cd1d00356,Madagascar,Blue,"Administrator, charities/voluntary organisations"
129,service,81673,2015-10-03,1,2d4b92cc-91bc-4d68-8823-717ae588c13c,Korea,CadetBlue,"Librarian, academic"
130,artist,28272,1981-01-01,1,69edc635-9a78-40ed-9036-514042b8c55c,"Equatorial Guinea",OrangeRed,"Sports development officer"
131,determine,20401,2011-07-26,0,e09923b0-9c7a-4c75-91b5-43de0f8545cc,"Western Sahara",MediumOrchid,"Marketing executive"
132,peace,11921,1999-08-17,1,21fa8aae-3e4c-4a44-afe5-b3fdf57c0199,Nauru,CornflowerBlue,"Scientist, physiological"
133,letter,57650,2019-09-11,1,ea102867-de27-4c84-8e99-b7f764536802,Nauru,HoneyDew,"Horticulturist, amenity"
134,argue,14490,1970-11-16,1,2c1d45fd-be87-4f58-abb2-ced6716478e0,Togo,Chocolate,"Financial planner"
135,area,65800,1982-01-04,1,870a9752-212c-4bad-bf97-44e0262f2853,"Saint Pierre and Miquelon",SandyBrown,"Editor, film/video"
136,art,46568,1982-06-13,1,1255e611-8aa7-4dc3-8fed-a51429c620ef,Albania,MistyRose,"Health physicist"
137,poor,47282,2014-05-15,0,1e467f20-1196-4706-abd3-f6591b23abae,Albania,RoyalBlue,"Community pharmacist"
138,while,96070,2000-09-03,0,fddd9c00-2f6d-4211-9552-150faf1876bd,"Central African Republic",DodgerBlue,"Conservator, museum/gallery"
139,there,39735,1978-07-28,1,0a0a2e57-cb9c-4b8c-99eb-63ab37f4374d,"Northern Mariana Islands",Purple,"Water engineer"
140,sport,85488,1976-09-04,0,43c0677b-7c1b-413e-8fc1-4c61219332f8,"Brunei Darussalam",Gray,"Community arts worker"
141,few,13616,1991-11-15,1,ebf03b2b-dbf0-4d39-bc91-27003f3d2248,Egypt,Aquamarine,"Surveyor, building control"
142,court,96885,2005-05-31,1,3b3da35f-376a-4ad9-ab91-5835369d1a5a,Bhutan,LightPink,"Furniture designer"
143,police,96389,1979-09-04,1,a8312c28-0fab-487f-824a-2c183202e69c,Bangladesh,Magenta,"Engineer, site"
144,others,43484,2005-06-04,0,e2cdc39e-6e75-41d7-8a94-0e0374865f6c,Paraguay,LemonChiffon,Copy
145,while,11997,2007-10-26,0,5f5d1ed5-bc68-49b9-a5e3-bb6277ccceae,Bhutan,PaleGreen,"Therapist, occupational"
146,tonight,60226,2007-08-15,1,74e8413b-ac0f-4216-b3d7-4ea677b7ca42,Singapore,SaddleBrown,"Geologist, wellsite"
147,high,54000,1995-10-26,0,487e1641-1091-4400-9594-19591e44e602,Ghana,DarkTurquoise,"Special educational needs teacher"
148,style,15384,1983-02-09,1,88909efb-b5d4-4333-a920-3ade420d4d86,"French Polynesia",SkyBlue,"Psychiatric nurse"
149,become,69351,1986-01-21,0,a6e7f9e8-e746-41bc-9ca6-18de96553ecd,Greenland,MediumSeaGreen,"Landscape architect"
150,agent,29928,1979-10-16,1,1d32e9bf-04b9-42ff-97af-8c24c83baf73,Jersey,SeaShell,"Therapist, horticultural"
151,drop,26854,2008-12-29,1,1168e203-bff5-459f-9b2f-6aef16556e43,Yemen,DeepSkyBlue,"Location manager"
152,skin,55672,2020-08-13,0,c91ffd0c-0818-42ef-8aa3-effcc9c3ebda,"Saint Pierre and Miquelon",DarkOrchid,"Physicist, medical"
153,war,41561,2016-02-21,1,199434ad-a5b1-4b60-a7c0-c86b40b42373,"Antarctica (the territory South of 60 deg S)",YellowGreen,"Theatre manager"
154,wind,64954,1986-08-26,0,8fa47747-e6fd-462f-9652-f5a1adb1272f,Slovenia,Black,"Passenger transport manager"
155,raise,75455,2010-07-23,0,0cc1423b-e71e-4dee-a86f-8151b99ad21f,Albania,Salmon,"Investment analyst"
156,design,72535,1980-12-16,0,716136a7-3090-48aa-9712-7d50b99c1fab,"Libyan Arab Jamahiriya",Thistle,Illustrator
157,table,50774,2023-02-13,0,55545026-ac3d-45f5-a2f6-c8bc04695fbc,"United Kingdom",HotPink,"Theatre manager"
158,source,39453,1988-12-04,1,0ef22dc5-9074-4511-8793-2122d328a14b,Dominica,MidnightBlue,"Scientist, marine"
159,its,17981,2013-04-25,0,93219495-2bf9-4555-b643-2b957a7e7096,Ethiopia,Tomato,"Print production planner"
160,see,73840,1985-11-02,0,82660d5f-7f56-4f41-8963-0ece63f2fffe,Andorra,CornflowerBlue,"Volunteer coordinator"
161,brother,88939,2002-09-19,1,f14ace1e-2644-4d42-b4cb-cc30a481db1a,Kazakhstan,SlateGray,"Television camera operator"
162,source,39318,1982-10-30,0,f9b987cf-1668-456c-b6d8-3bab00e8b840,"Papua New Guinea",DarkGreen,"Volunteer coordinator"
163,but,70232,1996-04-14,0,96b75da6-178e-435d-91e2-4ff207234412,"Norfolk Island",BurlyWood,"Radiographer, therapeutic"
164,stage,38154,1977-12-24,1,cf1c9ccf-5aef-40e2-9220-305ce4f821c9,Cyprus,Cornsilk,"Biochemist, clinical"
165,defense,88851,1971-08-20,1,1a9b05be-d428-4d16-ac06-70de2a1ee26e,Iceland,LightSalmon,"Medical technical officer"
166,little,37306,2018-08-15,1,ac24ba7f-85b6-4c44-82a3-41a2c353228f,Cyprus,LightGoldenRodYellow,"Theatre director"
167,see,95831,1976-07-05,0,2a30a6df-9846-40ce-8464-c3b735f08851,Guinea-Bissau,Bisque,"Scientist, audiological"
168,TV,20215,1990-08-05,0,76b2b867-759d-4623-9cf4-ef42bbe21ce8,Lesotho,SpringGreen,"Exhibition designer"
169,official,12024,2001-03-24,0,6a9a29da-03c2-4115-9cca-702d7a86d5f2,Haiti,MediumSlateBlue,Archaeologist
170,radio,17022,2023-01-27,0,bba87fa8-a2c4-401e-a969-e7a03e372681,Ghana,DimGray,"Scientist, physiological"
171,himself,69360,1993-04-11,1,15a8d0af-ffb0-4a99-ac12-8a2148c477c9,Guernsey,DarkKhaki,"Materials engineer"
172,gas,83297,1979-08-26,1,fe8f585f-0570-48fc-a19d-f8f8fe5ac710,Kiribati,DarkGoldenRod,"Television floor manager"
173,some,40327,2013-05-24,1,d5d3a096-d7cc-40a6-9d7c-9e70ff81ea9a,"United States Minor Outlying Islands",LightCyan,"Chartered certified accountant"
174,turn,56080,1980-11-23,0,c4937dd5-1517-47af-a71e-fe06214037f5,Gabon,SeaShell,"Teacher, music"
175,economic,18901,1991-01-01,0,35739cde-163c-4d31-b9c6-ec0894e521df,"French Southern Territories",SlateBlue,"Radiation protection practitioner"
176,place,56052,1979-09-20,0,24a3cbc3-467a-47e7-940e-904ef3d870de,"Trinidad and Tobago",BlueViolet,"Designer, furniture"
177,federal,86959,2016-08-30,0,cc5ab436-0a23-418c-920b-0db7dd2bcc57,Bhutan,Ivory,"Child psychotherapist"
178,ago,28199,2012-03-20,0,13601c19-0fd2-4353-94b3-96cc17ceb3c7,Liechtenstein,NavajoWhite,"Drilling engineer"
179,day,67532,1986-11-23,0,5b2adc44-ba97-4bfb-8cdc-059a56e97aa5,Anguilla,Gainsboro,"Dance movement psychotherapist"
180,goal,87232,2000-10-10,1,19b62e4e-499b-4ea4-b777-c61bd1668b0e,Uruguay,Gold,Proofreader
181,tend,82355,2011-08-04,0,e8eace25-e04e-4349-8dec-feed289b0f0a,Italy,DarkSalmon,"Personal assistant"
182,citizen,32906,1992-05-05,1,9ed01184-ca3a-4750-a80d-f60400419254,Algeria,OrangeRed,"Barrister's clerk"
183,to,78913,2015-02-10,0,4af0c4e4-b021-42b5-9b33-29f033df3438,"Netherlands Antilles",Silver,"Therapeutic radiographer"
184,good,39982,1983-03-31,1,e98b80c3-e11c-437b-914d-e6cc2c091ece,"Palestinian Territory",SandyBrown,"Learning disability nurse"
185,gas,82582,2013-05-08,0,878c31a1-da8f-4f93-abdf-2b64c7729acf,Congo,Aqua,"Freight forwarder"
186,current,61535,1989-01-04,0,a235f9d7-2e3e-48e4-b384-ed2323d66151,Congo,AntiqueWhite,"Armed forces logistics/support/administrative officer"
187,money,23710,1985-06-03,0,6fa96c1c-64d6-43aa-80e6-94bfed85f623,Mauritius,LightGreen,"Health physicist"
188,explain,24706,1980-03-17,0,6ffcece1-f30a-4dd9-9904-a6a1089622f7,"Kyrgyz Republic",MidnightBlue,"Environmental health practitioner"
189,yourself,57289,2023-05-07,1,d2be1f5d-f7d4-476c-8498-c24b85029c00,Togo,RoyalBlue,"Chartered public finance accountant"
190,I,62939,2006-07-14,0,6f9d3ce5-8c2c-4fd7-b4ac-21bf038758af,Madagascar,DarkSalmon,"Teacher, adult education"
191,thus,41632,2002-02-25,1,d26c8ba9-3dab-4299-b1f4-4c4593c61d01,Belize,Turquoise,"Multimedia programmer"
192,dark,78376,1972-09-26,0,98fea04c-c503-4bb2-af5b-0e5aebaa2324,Mali,FloralWhite,"International aid/development worker"
193,fine,25770,1976-12-26,0,40d6b2d8-4f03-465b-ab75-44959d3041ae,Mauritania,LightCoral,"Art gallery manager"
194,whether,30575,2022-05-25,1,15ad5910-611d-4329-971c-535d8dc9e5c0,Qatar,MidnightBlue,"Fine artist"
195,opportunity,18701,2019-08-26,1,2bf70f34-5b17-4be4-b4a0-379f4770554c,Dominica,HoneyDew,Herpetologist
196,treat,84110,1979-07-22,0,43762b05-25ca-4482-8204-5845e13da607,Egypt,Aqua,"Surveyor, mining"
197,commercial,10997,1993-04-17,1,55b9a508-17bf-4bef-a953-f0bb41c67736,Hungary,Bisque,"Intelligence analyst"
198,certainly,50899,1998-08-17,1,577650e2-60fa-4219-998b-3b115402cfd2,France,White,"Surveyor, rural practice"
199,office,41833,2003-01-20,0,00736dfe-696e-440d-be3f-0344d59d5913,Mozambique,DarkGray,"Cabin crew"
200,leg,29620,2010-01-21,1,4cc025c9-aa91-4af2-bf7e-18423c1faefb,Nauru,SaddleBrown,"Visual merchandiser"
